Count,Tradelist Count,Name,Edition,Condition,Language,Foil,Tags,Scryfall ID,Last Modified
"1","1","Terrain Generator","Mystery Booster 2","NM","EN","N","alpha","94af4ee1-bb2e-4783-a768-2610dc801bc6","2025-08-10 05:46:37.964920"
"1","1","Phyrexian Arena","Foundations","NM","EN","N","alpha","0784b6f0-9ebf-43d2-ba0f-a6bc93ba0c48","2025-08-10 05:46:37.964920"
"1","1","Nature's Lore","Dominaria Remastered","NM","EN","N","alpha","761adafd-0bf5-4bab-95d4-8362954c1019","2025-08-10 05:46:37.964920"
"1","1","Hare Apparent","Foundations","NM","EN","N","alpha","9fc6f0e9-eb5f-4bc0-b3d7-756644b66d12","2025-08-10 05:46:37.964920"
"1","1","Daretti, Rocketeer Engineer","Aetherdrift - First Place Foil","NM","EN","F","alpha","0a17ef59-177c-4c39-8cbb-efa8ab7ac24a","2025-08-10 05:46:37.964920"
"1","1","Island (#513)","Aetherdrift - First Place Foil","NM","EN","F","alpha","d13bb767-1123-48d2-960f-b90b6db3f6ed","2025-08-10 05:46:37.964920"
"2","0","Riverpyre Verge","Aetherdrift","NM","EN","N","alpha","57a93a71-d77c-417f-85d0-cd420f573331","2025-08-10 05:46:37.964920"
"1","1","Emperor of Bones","Modern Horizons 3","NM","EN","N","alpha","df9d9075-2d1e-4848-b661-816d539e05eb","2025-08-10 05:46:37.964920"
"1","1","Xu-Ifit, Osteoharmonist","Edge of Eternities - Borderless Triumphant","NM","EN","N","alpha","98e7fb9e-44c2-4fa6-8d81-895f909ea9b7","2025-08-10 05:46:37.964920"
"1","1","Aetherflux Reservoir","The Brothers' War - Retro Artifacts","NM","EN","N","alpha","7f5342d5-b8a6-46ee-afd7-b333bb836a7c","2025-08-10 05:46:37.964920"
"1","1","Mox Poison","Mystery Booster 2","NM","EN","N","alpha","543ce1cc-5918-40bf-921c-855268d51356","2025-08-10 05:46:37.964920"
"1","1","Rite of the Dragoncaller","Foundations","NM","EN","N","alpha","673e4561-8dfd-46db-b492-878009666ac7","2025-08-10 05:46:37.964920"
"1","1","Oildeep Gearhulk","Aetherdrift - Borderless","NM","EN","N","alpha","099ead92-1d35-495c-8ee8-14d73e9f1437","2025-08-10 05:46:37.964920"
"1","1","Monument to Endurance","Aetherdrift","NM","EN","N","alpha","d21433ba-0a14-42bc-ad0b-a4ef823a3295","2025-08-10 05:46:37.964920"
"1","1","Snow-Covered Forest","Mystery Booster 2","NM","EN","N","alpha","ce561d66-bdfd-408f-bf5b-49b4a53d3807","2025-08-10 05:46:37.964920"
"1","1","Hearthhull, the Worldseed","Edge of Eternities Commander","NM","EN","N","alpha","6b913e79-a9f6-44d4-bb37-c4f6f66b8151","2025-08-10 05:46:37.964920"
"1","1","Overlord of the Hauntwoods","Duskmourn: House of Horror - Promo Pack","NM","EN","N","alpha","f97bab94-dda6-4327-80ac-612d39e3eecd","2025-08-10 05:46:37.964920"
"2","0","Bleachbone Verge","Aetherdrift - Borderless","NM","EN","N","alpha","6ba2edc7-dbc0-4948-9f37-a27a91bdf7b9","2025-08-10 05:46:37.964920"
"1","1","Gonti, Night Minister","Aetherdrift - Borderless","NM","EN","N","alpha","38a867af-cf5d-4e3d-bba1-361e3cfeca82","2025-08-10 05:46:37.964920"
"1","0","Sunbillow Verge","Aetherdrift","NM","EN","N","alpha","94ed132f-b818-4dbf-9b4a-e5acb067e0a4","2025-08-10 05:46:37.964920"
"1","1","Kaito, Bane of Nightmares","Duskmourn: House of Horror - Promo Pack","NM","EN","N","alpha","24bd788f-72a9-42ba-9a69-ef6111fee40b","2025-08-10 05:46:37.964920"
"1","1","Harvest Season","Amonkhet","NM","EN","N","alpha","bb18e745-a925-477f-a50f-3ec7fba22d88","2025-08-10 05:46:37.964920"
"1","1","Flame of Anor","Lord of the Rings: Tales of Middle-earth","NM","EN","N","alpha","04779a7e-b453-48b9-b392-6d6fd0b8d283","2025-08-10 05:46:37.964920"
"1","1","Umbral Mantle","Mystery Booster 2","NM","EN","N","alpha","a8da2a6c-f63e-4724-bbdb-19d35b85a640","2025-08-10 05:46:37.964920"
"1","1","Salvation Engine","Aetherdrift - Borderless","NM","EN","N","alpha","37c2e68f-3f40-45b1-9afe-cc1c5fb41203","2025-08-10 05:46:37.964920"
"1","1","Chiss-Goria, Forge Tyrant","Phyrexia: All Will Be One Commander","NM","EN","N","alpha","923eb713-c955-4e12-8a8f-df3b4b361487","2025-08-10 05:46:37.964920"
"1","1","Pyroblast","Mystery Booster 2","NM","EN","N","alpha","2dea1e46-9786-429f-ad57-d608c006f508","2025-08-10 05:46:37.964920"
"1","1","Crackdown","Mystery Booster 2","NM","EN","N","alpha","5dbc1e48-b148-41a5-b0aa-50aaa7d0d5e8","2025-08-10 05:46:37.964920"
"1","0","Gloomlake Verge","Duskmourn: House of Horror - Promo Pack","NM","EN","N","alpha","d3a90c5d-b21e-4554-84e1-c8addf18937d","2025-08-10 05:46:37.964920"
"1","1","Enduring Tenacity","Duskmourn: House of Horror - Extended Art","NM","EN","N","alpha","5d2d0033-1a73-4927-93a9-76d00ae7c6a8","2025-08-10 05:46:37.964920"
"1","1","Accursed Duneyard","Aetherdrift Commander - Extended Art","NM","EN","N","alpha","7f288449-e9a8-444e-9639-fbcb742d2409","2025-08-10 05:46:37.964920"
"1","1","Tasha's Hideous Laughter","Mystery Booster 2","NM","EN","N","alpha","bb0e2f7f-2e28-4d32-82cb-160833bc9aba","2025-08-10 05:46:37.964920"
"1","1","Hallowed Haunting","Innistrad: Crimson Vow - Promo Pack","NM","EN","N","alpha","987ab975-4d22-4e39-855b-255c1ee6adba","2025-08-10 05:46:37.964920"
"1","1","Counterbalance","Mystery Booster 2","NM","EN","N","alpha","95949438-884d-420d-b7c4-972327ca486b","2025-08-10 05:46:37.964920"
"1","1","Arcades, the Strategist","The List - Adventures in the Forgotten Realms","NM","EN","N","alpha","89943e56-0fb0-4de3-bb3a-94b1a016d7e3","2025-08-10 05:46:37.964920"
"1","1","Narset, Enlightened Exile","March of the Machine: The Aftermath","NM","EN","N","alpha","827ecc44-0b00-4515-8953-bc91fa03705a","2025-08-10 05:46:37.964920"
"1","1","Mazirek, Kraul Death Priest","Mystery Booster 2","NM","EN","N","alpha","19d3cbfc-6781-416e-ab78-3508a24cace2","2025-08-10 05:46:37.964920"
"1","1","Charming Prince","Throne of Eldraine","NM","EN","N","alpha","dcb94950-3f3e-4876-84f8-d5e4d9cfecee","2025-08-10 05:46:37.964920"
"1","1","Kenrith, the Returned King","Mystery Booster 2","NM","EN","N","alpha","6c36c6c9-688d-4b23-95fc-f219f3de407a","2025-08-10 05:46:37.964920"
"1","1","Pemmin's Aura","The List - Wilds of Eldraine","NM","EN","N","alpha","6431d71c-f76c-4b36-9e11-b492ec67a266","2025-08-10 05:46:37.964920"
"1","1","Sab-Sunen, Luxa Embodied","Aetherdrift - Borderless","NM","EN","N","alpha","43655ecc-af27-494f-bee7-a5542cae9b54","2025-08-10 05:46:37.964920"
"1","1","Aetheric Amplifier","Aetherdrift Commander - Extended Art","NM","EN","N","alpha","f38cec83-caae-4cfa-a7dd-12e13091c17d","2025-08-10 05:46:37.964920"
"1","1","Dragonfire Blade","Tarkir: Dragonstorm","NM","EN","N","alpha","031afea3-fbfb-4663-a8cc-9b7eb7b16020","2025-08-10 05:46:37.964920"
"2","2","Branching Evolution","Modern Horizons 3","NM","EN","N","alpha","c0f1a736-8b12-4f58-a031-bf1733f65c51","2025-08-10 05:46:37.964920"
"1","1","Frostcliff Siege","Tarkir: Dragonstorm - Borderless","NM","EN","N","alpha","b32ab782-5f99-489c-895a-49c5c5ea249d","2025-08-10 05:46:37.964920"
"1","1","Ruby Medallion","Modern Horizons 3","NM","EN","N","alpha","630febf5-58ff-4dab-a5a8-575ebc5435a6","2025-08-10 05:46:37.964920"
"1","1","Collector Ouphe","Mystery Booster 2","NM","EN","N","alpha","121c4390-eae2-4066-bd27-609ba51e6d05","2025-08-10 05:46:37.964920"
"1","1","Mistrise Village","Tarkir: Dragonstorm","NM","EN","N","alpha","d44bccbf-6fab-46e4-8ddb-6577e27ec6e8","2025-08-10 05:46:37.964920"
"1","1","Goldlust Triad","Tarkir: Dragonstorm Commander - Extended Art","NM","EN","N","alpha","08f0f665-a659-460b-baf7-9f781dcbb5e0","2025-08-10 05:46:37.964920"
"1","1","Mossborn Hydra","Foundations","NM","EN","N","alpha","7054a0d7-396f-40b4-ab24-db591c3b08f0","2025-08-10 05:46:37.964920"
"1","1","Archivist of Oghma","Commander Legends: Battle for Baldur's Gate","NM","EN","N","alpha","f6589e02-8c84-4069-88d1-ebcc8520cae1","2025-08-10 05:46:37.964920"
"1","1","Harbinger of the Seas","Modern Horizons 3","NM","EN","N","alpha","00212714-a410-4cbc-bf1c-f90d7d77378c","2025-08-10 05:46:37.964920"
"1","1","Valley Floodcaller","Bloomburrow - Showcase","NM","EN","N","alpha","1c744764-3b54-49a0-aa68-1fb22d8162a9","2025-08-10 05:46:37.964920"
"1","0","Wastewood Verge","Aetherdrift","NM","EN","N","alpha","5ceacc7d-d407-4f82-af58-9bdf8426924e","2025-08-10 05:46:37.964920"
"1","1","Comet Storm","Commander 2020","NM","EN","N","alpha","066383e2-55c2-433f-8665-f0fd22dfa3f0","2025-08-10 05:46:37.964920"
"1","1","Marvin, Murderous Mimic","Duskmourn: House of Horror - Promo Pack","NM","EN","N","alpha","d15e8cef-1a92-4883-8f78-e27b40e618ac","2025-08-10 05:46:37.964920"
"1","1","Liquimetal Torque","Modern Horizons 2","NM","EN","N","alpha","13c6101a-da40-4785-8ccb-4e779bbbdb55","2025-08-10 05:46:37.964920"
"1","1","Farseek","Lord of the Rings: Tales of Middle-earth - Commander","NM","EN","N","alpha","d2f89cec-358c-41cd-af02-92d873902f06","2025-08-10 05:46:37.964920"
"1","1","Herald of the Pantheon","Magic Origins","NM","EN","N","alpha","ffeca7a7-2a14-4166-9e89-0f4eb94b79f5","2025-08-10 05:46:37.964920"
"1","1","Sol Ring","Kaldheim Commander Decks","NM","EN","N","alpha","0afa0e33-4804-4b00-b625-c2d6b61090fc","2025-08-10 05:46:37.964920"
"1","1","Bala Ged Recovery // Bala Ged Sanctuary","Zendikar Rising","NM","EN","N","alpha","c5cb3052-358d-44a7-8cfd-cd31b236494a","2025-08-10 05:46:37.964920"
"1","1","Darksteel Mutation","Commander 2021","NM","EN","N","alpha","ba7d679c-4105-4196-9444-fd2f42f59272","2025-08-10 05:46:37.964920"
"1","1","Leonin Warleader","Core 2019","NM","EN","N","alpha","b31b2e5e-6572-462a-9fa0-1b2e660099e3","2025-08-10 05:46:37.964920"
"1","1","Blackblade Reforged","The Brothers' War - Retro Artifacts (Schematic)","NM","EN","N","alpha","9c1c714a-7716-42f9-8ef2-8838d3c52627","2025-08-10 05:46:37.964920"
"1","1","Farewell","Kamigawa: Neon Dynasty","NM","EN","N","alpha","e1068723-d1ef-4007-97d9-b10dccdbade4","2025-08-10 05:46:37.964920"
"1","1","Goro-Goro, Disciple of Ryusei","Kamigawa: Neon Dynasty - Showcase","NM","EN","N","alpha","862e9b05-209d-47d6-8692-ec0cb5f19e25","2025-08-10 05:46:37.964920"
"1","1","Day of Judgment","Foundations","NM","EN","N","alpha","96e84bdc-8a9a-4c58-ba8b-9f052fd60069","2025-08-10 05:46:37.964920"
"1","1","Beast Within","Dominaria United Commander","NM","EN","N","alpha","518e4f19-04c4-4829-980b-a2052e9f11b9","2025-08-10 05:46:37.964920"
"1","1","Minas Tirith","Lord of the Rings: Tales of Middle-earth - Borderless","NM","EN","N","alpha","82e8a91c-74ee-411b-9d74-4e72df24258b","2025-08-10 05:46:37.964920"
"1","1","Murkfiend Liege","Eventide","NM","EN","N","alpha","8d8250af-696f-4e28-86ba-29e316d01e56","2025-08-10 05:46:37.964920"
"1","1","Arahbo, Roar of the World","Commander 2017","NM","EN","F","alpha","81dc3d00-97cd-4549-b5a4-15a1e08767f5","2025-08-10 11:37:48.215021"
"1","1","Blackblade Reforged","Zendikar Rising Commander","NM","EN","N","alpha","aa4146f0-0c8c-4b8a-8d24-b6c5e33eba3d","2025-08-10 05:46:37.964920"
"1","1","Steelshaper's Gift","Fifth Dawn","NM","EN","N","alpha","db75b77f-a230-4bad-b697-a40687671842","2025-08-10 05:46:37.964920"
"1","1","Basilisk Collar","Commander Legends: Battle for Baldur's Gate","NM","EN","N","alpha","52a55efe-a870-4cd7-b22b-37c917065653","2025-08-10 05:46:37.964920"
"1","1","Fear of Missing Out","Duskmourn: House of Horror - Promo Pack","NM","EN","N","alpha","4731f96b-7730-4713-baae-c1cffc113cde","2025-08-10 05:46:37.964920"
"1","1","Teferi, Hero of Dominaria","Mystery Booster 2","NM","EN","N","alpha","069f45a2-aef4-4b10-8107-3695370b276a","2025-08-10 05:46:37.964920"
"1","1","Surrak Dragonclaw","Dominaria United Commander","NM","EN","N","alpha","e8efe72d-3c01-4dd6-b3dd-0382ac09dc52","2025-08-10 05:46:37.964920"
"1","1","Jumbo Cactuar","FINAL FANTASY - Borderless","NM","EN","N","alpha","fe80b498-a25d-4f68-ac26-9554c3ee1677","2025-08-10 05:46:37.964920"
"1","1","Tishana's Tidebinder","The Lost Caverns of Ixalan - Promo Pack","NM","EN","N","alpha","cbb0b708-ff49-407f-933a-1d042e545cbe","2025-08-10 05:46:37.964920"
"1","1","Basilisk Collar","Adventures in the Forgotten Realms Commander Decks","NM","EN","N","alpha","0d85fb76-2ae9-425b-9c5e-2c63471c9599","2025-08-10 05:46:37.964920"
"1","1","Banner of Kinship","Foundations","NM","EN","N","alpha","a14c16c0-4053-46b0-8fa6-be8b4a7a1c8a","2025-08-10 05:46:37.964920"
"2","2","Sol Ring","Commander 2021","NM","EN","N","alpha","4cbc6901-6a4a-4d0a-83ea-7eefa3b35021","2025-08-10 05:46:37.964920"
"1","1","The Water Crystal","FINAL FANTASY","NM","EN","N","alpha","e0af8436-797b-4e1f-b21a-d8e93701c3c9","2025-08-10 05:46:37.964920"
"1","1","Ajani, Nacatl Pariah","Modern Horizons 3 - Borderless","NM","EN","N","alpha","e91ba1d4-3bca-45a2-ad9f-7abbcfe50dbd","2025-08-10 05:46:37.964920"
"1","1","Conspicuous Snoop","Mystery Booster 2","NM","EN","N","alpha","20c9477a-7d7e-4ba7-adcc-6f103d242427","2025-08-10 05:46:37.964920"
"1","1","Settle the Wreckage","Ixalan","NM","EN","N","alpha","9cbd346e-098a-4cf6-a72f-468376fd2e8f","2025-08-10 05:46:37.964920"
"1","1","Electroduplicate","Foundations - Borderless","NM","EN","N","alpha","f3f3ab83-3b8e-4747-98ae-7b981bcc77b1","2025-08-10 05:46:37.964920"
"1","1","Betor, Kin to All","Tarkir: Dragonstorm","NM","EN","N","alpha","b475b071-5545-483e-a397-89451f258602","2025-08-10 05:46:37.964920"
"2","2","Nazahn, Revered Bladesmith","Commander 2017","NM","EN","F","alpha","8f21a5b4-1cfa-466b-8a16-a8b11f20b818","2025-08-10 05:46:37.964920"
"1","1","Frostcliff Siege","Tarkir: Dragonstorm","NM","EN","N","alpha","a750aabb-9788-494a-841f-bf75717970a7","2025-08-10 05:46:37.964920"
"1","1","Pemmin's Aura","The List - Wilds of Eldraine","NM","EN","N","alpha","6431d71c-f76c-4b36-9e11-b492ec67a266","2025-08-10 05:46:37.964920"
"1","1","Thought Vessel","Commander Legends","NM","EN","N","alpha","f58ab310-cbee-4f0c-9819-a2e2121932ff","2025-08-10 05:46:37.964920"
"2","2","Yuna, Hope of Spira","FINAL FANTASY","NM","EN","N","alpha","35b613ad-86f0-431b-af93-147d21041fde","2025-08-10 05:46:37.964920"
"1","1","Isshin, Two Heavens as One","FINAL FANTASY Through the Ages","NM","EN","N","alpha","a3baaf97-171a-40c0-a1dc-74ae05db0e25","2025-08-10 05:46:37.964920"
"1","1","Summon: Brynhildr","FINAL FANTASY - Borderless","NM","EN","N","alpha","fac98745-a30e-4f64-be21-302c0d73d4f7","2025-08-10 05:46:37.964920"
"1","1","Cid, Timeless Artificer (#415)","FINAL FANTASY","NM","EN","N","alpha","b6776f23-5f5b-4f0a-a00c-1ca8f03ffc5f","2025-08-10 05:46:37.964920"
"1","1","Ajani, Wise Counselor","Core 2019","NM","EN","F","alpha","b4a22ecc-3a5c-44a1-bb52-bbeffa2dbf17","2025-08-10 05:46:37.964920"
"1","1","Sigarda, Font of Blessings","March of the Machine: The Aftermath","NM","EN","N","alpha","cba71725-d6df-44d7-a93b-934573759711","2025-08-10 05:46:37.964920"
"1","1","Sigarda's Aid","Commander Legends - Commander Decks","NM","EN","N","alpha","531da950-dc96-4050-94a8-e01b73ddd965","2025-08-10 05:46:37.964920"
"1","1","Eldritch Evolution","Mystery Booster","NM","EN","N","alpha","d0c46e0f-524d-47c8-a628-5540c86b93cf","2025-08-10 05:46:37.964920"
"2","2","Alpharael, Stonechosen","Edge of Eternities","NM","EN","F","alpha","33063d26-37f7-4e35-8da2-5770dfabdc41","2025-08-10 05:46:37.964920"
"1","1","Requiem Monolith","Edge of Eternities","NM","EN","N","alpha","837d710a-652f-4c60-a52d-d786231160a4","2025-08-10 05:46:37.964920"
"1","1","Loading Zone","Edge of Eternities","NM","EN","F","alpha","0d2c95bd-79af-4a23-b265-62cc0b164e3e","2025-08-10 05:46:37.964920"
"1","1","Thrumming Hivepool","Edge of Eternities","NM","EN","N","alpha","85caf659-7b43-462e-a342-34703d46eb57","2025-08-10 05:46:37.964920"
"1","1","Frenzied Baloth","Edge of Eternities","NM","EN","N","alpha","c72d85e9-a0bc-4f73-8d73-c58843577f4e","2025-08-10 05:46:37.964920"
"1","1","Ajani, Inspiring Leader","Core 2020","NM","EN","F","alpha","dba41e5f-66b8-4459-8a07-bbe893216f1e","2025-08-10 05:46:37.964920"
"1","1","Starfield Vocalist","Edge of Eternities","NM","EN","N","alpha","deca0b2a-e7f3-444a-883d-7c41dd62c9cc","2025-08-10 05:46:37.964920"
"1","1","The Endstone","Edge of Eternities","NM","EN","N","alpha","a451a459-18e0-4c53-a171-3e9da534ebf1","2025-08-10 05:46:37.964920"
"1","1","Double Major","Strixhaven: School of Mages","NM","EN","N","alpha","c3d35413-8742-4443-8859-93c91112978d","2025-08-10 05:46:37.964920"
"1","0","Watery Grave","Edge of Eternities","NM","EN","N","alpha","5b8170dc-6a90-46fc-9989-7575f3d402b5","2025-08-10 05:46:37.964920"
"1","1","Mindbreak Trap","Mystery Booster 2","NM","EN","N","alpha","2829c546-71e7-4a22-95c0-906ee152d4b0","2025-08-10 05:46:37.964920"
"1","1","Pride Sovereign","Hour of Devastation","NM","EN","N","alpha","dd3d32b7-672f-4ceb-a1c9-17daefd2cb0c","2025-08-10 05:46:37.964920"
"2","2","Armored Skyhunter","Commander Legends","NM","EN","N","alpha","2bf63241-9091-42f5-b997-9ce5aa3484f1","2025-08-10 05:46:37.964920"
"1","1","Share the Spoils","Adventures in the Forgotten Realms Commander Decks","NM","EN","N","alpha","5e35d719-8766-47dc-8c0d-8e2b37b907a8","2025-08-10 05:46:37.964920"
"1","1","Cori-Steel Cutter","Tarkir: Dragonstorm - Borderless","NM","EN","N","alpha","470dd3c8-07c9-42ef-aa9e-3c73b23607ff","2025-08-10 05:46:37.964920"
"1","1","Leyline Axe","Foundations","NM","EN","N","alpha","b9c03336-a321-4c06-94d1-809f328fabd8","2025-08-10 05:46:37.964920"
"1","1","Helm of Awakening","Dominaria Remastered","NM","EN","N","alpha","e9e4ff9c-6244-43e1-b569-32a270c4e014","2025-08-10 05:46:37.964920"
"1","1","Swords to Plowshares","Masters 25","NM","EN","N","alpha","5220accc-2095-43d9-9114-7599c1cb8e41","2025-08-10 05:46:37.964920"
"1","1","Beast Within","Commander 2021","NM","EN","N","alpha","c5454c02-db06-4023-bf56-3fcd5f8a189e","2025-08-10 05:46:37.964920"
"1","1","Painful Quandary","Foundations","NM","EN","N","alpha","05757669-e8a6-4a2f-8479-d4e2ade822ca","2025-08-10 05:46:37.964920"
"1","1","Magus of the Moon","Special Guests - Edge of Eternities","NM","EN","N","alpha","d8b965ea-1b8e-475a-be58-78c0f815ea87","2025-08-10 05:46:37.964920"
"1","1","Reckless Endeavor","Adventures in the Forgotten Realms Commander Decks","NM","EN","N","alpha","ba98a4bd-e217-4dba-aee9-315b4f843cdf","2025-08-10 05:46:37.964920"
"1","1","Brimaz, King of Oreskos","Secret Lair Drop Series","NM","EN","N","alpha","25e475d2-a813-43d0-aa6b-4a16e92d7375","2025-08-10 11:37:48.215021"
"1","1","There and Back Again","Lord of the Rings: Tales of Middle-earth","NM","EN","N","alpha","939b0bd0-24ea-45de-a2d3-37bbf6a3e6f9","2025-08-10 05:46:37.964920"
"1","1","Helm of the Host","Dominaria","NM","EN","N","alpha","1d65d20c-09e5-4139-838b-7e0e48eb2b2b","2025-08-10 05:46:37.964920"
"1","1","Fevered Suspicion","Adventures in the Forgotten Realms Commander Decks","NM","EN","N","alpha","82c35cce-5b13-4870-8710-1b05af2c5c40","2025-08-10 05:46:37.964920"
"1","1","Rust Harvester","Edge of Eternities","NM","EN","N","alpha","7ce58765-d2f4-4fbf-8635-580c9400ff2e","2025-08-10 05:46:37.964920"
"1","1","Lightstall Inquisitor","Edge of Eternities","NM","EN","N","alpha","635245e9-c27f-4a51-a6f1-bae62e696542","2025-08-10 05:46:37.964920"
"1","1","Singularity Rupture","Buy-a-Box Promos","NM","EN","F","alpha","422d7bc1-e2a2-4cfc-a29d-9d67354cdafd","2025-08-10 05:46:37.964920"
"1","0","Godless Shrine","Edge of Eternities","NM","EN","N","alpha","8c542ea4-98c3-4c2d-9066-205ab7aa697a","2025-08-10 05:46:37.964920"
"1","0","Last March of the Ents","Lord of the Rings: Tales of Middle-earth","NM","EN","F","alpha","7f1b99e0-ffb7-4f98-8ee5-4357bb79dd2e","2025-08-10 11:37:48.215021"
"2","2","Kodama of the East Tree","Commander Legends","NM","EN","N","alpha","af5105ee-09e2-4344-ab39-00f0e9034c47","2025-08-10 05:46:37.964920"
"1","0","Worldly Tutor","Dominaria Remastered","NM","EN","N","alpha","f39aa2e9-e294-4ce6-bf5e-e1f579101a7a","2025-08-10 05:46:37.964920"
"1","1","Collector Ouphe","The List - The Brothers' War","NM","EN","N","alpha","fc10db36-715e-4425-b74c-6c2997e1d1de","2025-08-10 05:46:37.964920"
"1","1","Railway Brawler","Outlaws of Thunder Junction","NM","EN","N","alpha","9ec1f76f-f21d-4f06-8c02-be6745183348","2025-08-10 05:46:37.964920"
"1","1","Nissa, Who Shakes the World","War of the Spark - Promo Pack","NM","EN","N","alpha","41e108a5-4e2f-42cf-9ea1-87bf3c0a2b7f","2025-08-10 05:46:37.964920"
"1","1","Multani, Yavimaya's Avatar","Dominaria","NM","EN","N","alpha","5233ad7b-2903-4736-b13a-5cd4a275eb61","2025-08-10 05:46:37.964920"
"1","1","Enchantress's Presence","Modern Horizons 2","NM","EN","N","alpha","d18d62bc-5f3c-4b3b-88f2-693249635349","2025-08-10 05:46:37.964920"
"1","1","Goldvein Hydra","Outlaws of Thunder Junction","NM","EN","N","alpha","de0e01e4-e143-47fd-8565-7b48219bb546","2025-08-10 05:46:37.964920"
"1","1","Questing Beast","Throne of Eldraine","NM","EN","N","alpha","e41cf82d-3213-47ce-a015-6e51a8b07e4f","2025-08-10 05:46:37.964920"
"1","1","Omnath, Locus of Mana","Commander Masters","NM","EN","N","alpha","acf0cab3-da50-4561-8797-cd179af39216","2025-08-10 05:46:37.964920"
"1","1","Venerated Rotpriest","Phyrexia: All Will Be One","NM","EN","N","alpha","d1b032e3-14e3-48ba-ab8a-d2b4f8d31a7d","2025-08-10 05:46:37.964920"
"1","1","Bootleggers' Stash","Streets of New Capenna","NM","EN","N","alpha","80b5b7e1-52c2-4453-b3c0-efe2cebad6ce","2025-08-10 05:46:37.964920"
"1","1","Zopandrel, Hunger Dominus","Phyrexia: All Will Be One","NM","EN","F","alpha","fb419d9d-e06f-48c8-a4f8-a57f9be39e50","2025-08-10 05:46:37.964920"
"1","1","Monster Manual","Commander Legends: Battle for Baldur's Gate","NM","EN","N","alpha","27223ee4-970a-438a-beff-a1b13b14aff4","2025-08-10 05:46:37.964920"
"1","1","Beast Whisperer","Guilds of Ravnica","NM","EN","N","alpha","9da6f595-41b2-4e52-b15a-6ad18e4232c7","2025-08-10 05:46:37.964920"
"1","1","Possession Engine","Aetherdrift","NM","EN","N","alpha","f206b0a1-50d8-4d53-850d-fb15fd328267","2025-08-10 05:46:37.964920"
"1","1","Clever Impersonator","Khans of Tarkir","NM","EN","N","alpha","cd8fffd3-81ad-47e3-a27b-d8059f2b506f","2025-08-10 05:46:37.964920"
"1","1","Gastal Thrillroller","Aetherdrift","NM","EN","N","alpha","d8b1762b-ff03-4312-afcc-cb6b5f280ade","2025-08-10 05:46:37.964920"
"1","1","Disrupt Decorum","Adventures in the Forgotten Realms Commander Decks","NM","EN","N","alpha","bc91f0d5-6d50-4f71-a229-286364984e61","2025-08-10 05:46:37.964920"
"1","1","Chaos Warp","Doctor Who - Surge Foil","NM","EN","F","alpha","a6ca8c7c-6c67-4d8d-abd2-0b4135a7072e","2025-08-10 05:46:37.964920"
"1","1","Haughty Djinn","Dominaria United","NM","EN","F","alpha","35095a68-b7c0-4805-b0b6-6ca15a338692","2025-08-10 05:46:37.964920"
"1","1","Magmatic Galleon","The Lost Caverns of Ixalan","NM","EN","N","alpha","4471a833-11b9-4146-a9c0-84a6896c94d8","2025-08-10 05:46:37.964920"
"1","1","Shivan Devastator","Dominaria United","NM","EN","N","alpha","1f5d274c-3a03-4f0d-97e8-7eef6508105d","2025-08-10 05:46:37.964920"
"1","1","Enduring Curiosity","Duskmourn: House of Horror","NM","EN","N","alpha","8616629e-08f9-41ad-bfec-f86c8096f1cb","2025-08-10 05:46:37.964920"
"1","1","Phyrexian Dragon Engine","The Brothers' War","NM","EN","N","alpha","e2b826be-4256-4fd6-ad4d-6c80933ee940","2025-08-10 05:46:37.964920"
"1","1","Blasphemous Act","Commander Legends","NM","EN","N","alpha","40e1ef14-cb26-486e-9b54-0b532f5b7435","2025-08-10 05:46:37.964920"
"1","1","Brass's Bounty","Commander 2021","NM","EN","N","alpha","571797ef-1e44-4b1c-9c88-3d4c60358175","2025-08-10 05:46:37.964920"
"1","1","Hired Claw","Bloomburrow","NM","EN","N","alpha","1ae41080-0d67-4719-adb2-49bf2a268b6c","2025-08-10 05:46:37.964920"
"1","1","Elven Chorus","Lord of the Rings: Tales of Middle-earth","NM","EN","N","alpha","616cfb94-3faf-44fe-bf04-e90643765e48","2025-08-10 05:46:37.964920"
"1","1","Meloku the Clouded Mirror","Champions of Kamigawa","NM","EN","N","alpha","1caaa733-6d4c-4e18-a64e-f95851c7063b","2025-08-10 05:46:37.964920"
"1","1","Chaos Warp","Commander 2020","NM","EN","N","alpha","c144b325-53a3-4590-beb1-2a39cbced47e","2025-08-10 05:46:37.964920"
"1","1","Drakuseth, Maw of Flames","Foundations","NM","EN","N","alpha","029b1edb-e1de-4f1c-81df-8d17f4920318","2025-08-10 05:46:37.964920"
"1","1","Fabricate","Launch Promos","NM","EN","F","alpha","3a45e3c3-6825-4cfa-88e0-e390cc06a747","2025-08-10 05:46:37.964920"
"1","1","Mana Geyser","Fifth Dawn","NM","EN","N","alpha","3929662e-99d7-48e9-afac-1852af8be722","2025-08-10 05:46:37.964920"
"1","1","Slagstorm","Foundations","NM","EN","N","alpha","9db2e3a9-b90d-44cd-a2bd-eeb7dbe255b0","2025-08-10 05:46:37.964920"
"1","1","Homunculus Horde","Foundations","NM","EN","N","alpha","470c4d03-340a-4e0e-a59f-f19d05497785","2025-08-10 05:46:37.964920"
"1","1","Curiosity Crafter","Commander 2021","NM","EN","N","alpha","0452c73b-4522-4808-8f97-0e84e2944ee9","2025-08-10 05:46:37.964920"
"1","1","Pongify","Commander 2014","NM","EN","N","alpha","726b3de5-f2c1-4a92-9039-f61ae9575839","2025-08-10 05:46:37.964920"
"1","1","City on Fire","March of the Machine","NM","EN","F","alpha","6f455cc1-a822-44ef-ba7c-bfcff69bd45e","2025-08-10 05:46:37.964920"
"1","1","Indomitable Creativity","Aether Revolt","NM","EN","N","alpha","edd00e45-2ae1-4cd0-92a1-155c95f8dc72","2025-08-10 05:46:37.964920"
"1","1","Thundertrap Trainer","Bloomburrow","NM","EN","N","alpha","9cf3af94-b7c8-415c-a5a1-d89967fd0bba","2025-08-10 05:46:37.964920"
"1","1","Kiora, the Rising Tide","Foundations","NM","EN","N","alpha","83f20a32-9f5d-4a68-8995-549e57554da2","2025-08-10 05:46:37.964920"
"1","1","Magmatic Channeler","Zendikar Rising","NM","EN","N","alpha","d8be6570-5b5f-4ffc-a5e5-67d7c41c8caa","2025-08-10 05:46:37.964920"
"1","1","Weathered Wayfarer","Double Masters 2022","NM","EN","F","alpha","09656d96-c366-49ec-b687-cad903de1385","2025-08-10 05:46:37.964920"
"1","1","Lightning Axe","Innistrad Remastered - Retro Frame","NM","EN","N","alpha","d2e9d9e1-8b4e-4e72-aa3a-05b81cce6c6c","2025-08-10 05:46:37.964920"
"1","1","Hellkite Tyrant","Commander 2021","NM","EN","N","alpha","67d15ee6-916f-4ac9-a4d2-4a9bd389d451","2025-08-10 05:46:37.964920"
"1","1","Play with Fire","Innistrad: Midnight Hunt - Promo Pack","NM","EN","N","alpha","42901bec-a8d0-46a3-a710-bfb7bd87f155","2025-08-10 05:46:37.964920"
"1","1","Storm-Kiln Artist","Commander Masters","NM","EN","N","alpha","69825b24-f469-4b6a-890b-bfa571c9013b","2025-08-10 05:46:37.964920"
"1","1","Elspeth, Sun's Nemesis","Theros: Beyond Death - Promo Pack","NM","EN","N","alpha","e90ad5bd-f484-4164-8a5c-be22248ee08f","2025-08-10 05:46:37.964920"
"1","1","Sram, Senior Edificer","Adventures in the Forgotten Realms Commander Decks","NM","EN","N","alpha","4c9b0adf-d281-4729-a3b7-269665fe4be1","2025-08-10 05:46:37.964920"
"1","1","Digsite Engineer","Commander 2021","NM","EN","N","alpha","d79b8974-796c-4f88-a0cb-5afbaf26fd24","2025-08-10 05:46:37.964920"
"1","1","Starving Revenant","The Lost Caverns of Ixalan","NM","EN","F","alpha","f25ea466-eb48-4c4c-b5d4-35f58e46ebe1","2025-08-10 05:46:37.964920"
"1","1","Graveyard Trespasser","Innistrad: Midnight Hunt","NM","EN","N","alpha","daa2a273-488f-4285-a069-ad159ad2d393","2025-08-10 05:46:37.964920"
"1","1","Sigarda's Splendor","Innistrad: Midnight Hunt - Promo Pack","NM","EN","N","alpha","639a37b7-3355-4fb8-a417-77f95bbdf794","2025-08-10 05:46:37.964920"
"1","1","Pariah","Breaking News","NM","EN","N","alpha","1995fed6-992f-4333-afa6-63d61cfdfa00","2025-08-10 05:46:37.964920"
"1","1","Pestilence","Urza's Saga","NM","EN","N","alpha","2f1f5630-647f-4789-8506-e7fafcbdd671","2025-08-10 05:46:37.964920"
"1","1","Hedonist's Trove","Commander 2019","NM","EN","N","alpha","f323fb2f-f637-4b87-8a5e-8cb7da606658","2025-08-10 05:46:37.964920"
"1","1","Mesa Enchantress","Commander 2015","NM","EN","N","alpha","0d1a5ae6-b620-44dd-b62f-068b1b42b9d1","2025-08-10 05:46:37.964920"
"1","1","Valakut Exploration","Zendikar Rising","NM","EN","N","alpha","18cb7bf6-9c7c-4e62-a678-7b75862e2f64","2025-08-10 05:46:37.964920"
"1","1","Resplendent Angel","The Lost Caverns of Ixalan","NM","EN","N","alpha","59adbd35-9959-4a0f-babf-46ea3c15f018","2025-08-10 05:46:37.964920"
"1","1","Redcap Gutter-Dweller","Wilds of Eldraine","NM","EN","N","alpha","96bcd5f0-da79-47ab-83cf-976198b458d1","2025-08-10 05:46:37.964920"
"1","1","Winds of Rath","Adventures in the Forgotten Realms Commander Decks","NM","EN","N","alpha","91ee4ff1-8b18-401b-9914-b7bb2851591b","2025-08-10 05:46:37.964920"
"1","1","War of the Last Alliance","Lord of the Rings: Tales of Middle-earth","NM","EN","N","alpha","60ddf2cd-5b33-4c8a-a610-8e6a15404dde","2025-08-10 05:46:37.964920"
"1","1","Light-Paws, Emperor's Voice","Kamigawa: Neon Dynasty - Showcase","NM","EN","N","alpha","76614523-e51a-44ff-83ad-5be9e322697a","2025-08-10 05:46:37.964920"
"1","1","Resurgent Belief","Modern Horizons 2 Retro Frame","NM","EN","N","alpha","a0e60c9e-0b9c-4daa-8a61-52111e03f49f","2025-08-10 05:46:37.964920"
"1","1","Rabble Rousing","Streets of New Capenna","NM","EN","N","alpha","206c8529-56df-4ed9-97bc-6c9b5e2a04c4","2025-08-10 05:46:37.964920"
"1","1","Raise the Past","Foundations","NM","EN","N","alpha","6c6be129-56da-4fe7-a6bd-6a1d402c09e1","2025-08-10 05:46:37.964920"
"1","1","Archangel Elspeth","March of the Machine - Borderless","NM","EN","N","alpha","93f99e67-901f-4c8d-8a09-e443b7eb928f","2025-08-10 05:46:37.964920"
"1","1","Essence Channeler","Bloomburrow","NM","EN","F","alpha","5aaf7e4c-4d5d-4acc-a834-e6c4a7629408","2025-08-10 05:46:37.964920"
"1","1","Gandalf the White","Lord of the Rings: Tales of Middle-earth","NM","EN","N","alpha","e384c20b-d0c1-4781-9d11-e89e5a6bf3fc","2025-08-10 05:46:37.964920"
"1","1","Thalia, Guardian of Thraben","March of the Machine - Multiverse Legends","NM","EN","N","alpha","9716a5ff-f1ed-4285-a0a7-68114eeb1ba7","2025-08-10 05:46:37.964920"
"1","1","Forge Anew","Lord of the Rings: Tales of Middle-earth","NM","EN","N","alpha","56274b88-6e3f-4538-bb0c-eb5e52a58ef3","2025-08-10 05:46:37.964920"
"1","1","Weathered Wayfarer","Double Masters 2022","NM","EN","N","alpha","09656d96-c366-49ec-b687-cad903de1385","2025-08-10 05:46:37.964920"
"1","1","Regal Bunnicorn","Wilds of Eldraine","NM","EN","N","alpha","03c7d409-90e7-44d7-a8c6-4eda35fbcc83","2025-08-10 05:46:37.964920"
"1","1","Enduring Renewal","Time Spiral","NM","EN","N","alpha","57a966e3-c9ba-4105-a36b-54ca70ba9b77","2025-08-10 05:46:37.964920"
"1","1","All That Glitters","Throne of Eldraine","NM","EN","N","alpha","d9713032-2956-4564-b5f5-2dd16245a4e6","2025-08-10 05:46:37.964920"
"1","1","Hare Apparent","Foundations","NM","EN","F","alpha","9fc6f0e9-eb5f-4bc0-b3d7-756644b66d12","2025-08-10 05:46:37.964920"
"1","1","Mikaeus, the Lunarch","Double Masters 2022","NM","EN","N","alpha","ccc3535f-bf13-442a-b632-590a69cf0ca4","2025-08-10 05:46:37.964920"
"1","1","Sun Titan","Commander 2021","NM","EN","N","alpha","dfbf6204-f08e-4bdc-904d-d617dabdfdd8","2025-08-10 05:46:37.964920"
"1","1","Kor Spiritdancer","Battlebond","NM","EN","N","alpha","b17a0634-bb6b-4aaa-8e20-43b47d250aa4","2025-08-10 05:46:37.964920"
"1","1","Bronze Guardian","Commander 2021","NM","EN","N","alpha","8cd5cc66-2ade-4142-9269-7d9905b029e5","2025-08-10 05:46:37.964920"
"2","2","Warden of the Inner Sky","The Lost Caverns of Ixalan","NM","EN","N","alpha","549fd992-ed37-431d-97cb-9ca017db1d47","2025-08-10 05:46:37.964920"
"1","1","Path to Exile","Assassin's Creed","NM","EN","N","alpha","6e4ed445-7b35-4090-9d0e-92532b07c8c7","2025-08-10 05:46:37.964920"
"1","1","Doom Blade","Strixhaven Mystical Archive","NM","EN","F","alpha","7e6c0fe2-a82b-42cb-8629-b9f00b7f08e9","2025-08-10 05:46:37.964920"
"1","1","Forsworn Paladin","Adventures in the Forgotten Realms","NM","EN","N","alpha","4acaf396-f950-42da-85ab-149ffb31fee6","2025-08-10 05:46:37.964920"
"1","1","Lobelia Sackville-Baggins","Lord of the Rings: Tales of Middle-earth","NM","EN","N","alpha","87500b92-3d68-42f3-afa9-f8206b2ebcbb","2025-08-10 05:46:37.964920"
"1","1","One Ring to Rule Them All","Lord of the Rings: Tales of Middle-earth","NM","EN","N","alpha","bb2dc2e0-f393-4442-818b-d3b860bfffd0","2025-08-10 05:46:37.964920"
"1","1","Marionette Master","Kaladesh","NM","EN","N","alpha","358a87a3-c76e-4c7d-ac84-464894ed9a31","2025-08-10 05:46:37.964920"
"1","1","Tinybones, Bauble Burglar","Foundations - Borderless","NM","EN","N","alpha","daf8d5d4-b52d-42c7-aa56-c104a539133c","2025-08-10 05:46:37.964920"
"1","1","Elder Brain","Buy-a-Box Promos","NM","EN","F","alpha","63f68bfe-1da0-41ec-b18d-92dc82d0217e","2025-08-10 05:46:37.964920"
"1","1","Evolved Sleeper","Dominaria United","NM","EN","N","alpha","ebeafbc2-0399-4335-8f63-76a3e085e8c6","2025-08-10 05:46:37.964920"
"2","2","Nadier's Nightblade","Modern Horizons 3","NM","EN","N","alpha","bc9926d7-91b7-4067-b590-a0430bf68d16","2025-08-10 05:46:37.964920"
"1","1","Bolas's Citadel","Love Your Local Game Store Promos","NM","EN","F","alpha","1e6e80ec-68a4-4cfb-a712-2ea0d26dc6a1","2025-08-10 05:46:37.964920"
"1","1","Nadier's Nightblade","Commander Legends","NM","EN","N","alpha","11fbba08-0d93-4750-9dd6-d6a2779c6cf3","2025-08-10 05:46:37.964920"
"1","1","Reassembling Skeleton","Foundations","NM","EN","N","alpha","28e84b1b-1c05-4e1b-93b8-9cc2ca73509d","2025-08-10 05:46:37.964920"
"2","2","Disciple of the Vault","Double Masters","NM","EN","N","alpha","4c539843-4e3f-47a7-92e1-412eaaa2d9c5","2025-08-10 05:46:37.964920"
"1","0","Hoarding Broodlord","March of the Machine","NM","EN","N","alpha","386ce3c9-869d-461c-a3de-c8add3786f73","2025-08-10 05:46:37.964920"
"1","1","Sanguine Bond","Commander 2013","NM","EN","N","alpha","6296e928-6995-469f-a5fb-acb3e0989659","2025-08-10 05:46:37.964920"
"1","1","Ayara, Widow of the Realm","March of the Machine","NM","EN","N","alpha","a21b1734-a773-4107-95c1-b44d5ccdfd82","2025-08-10 05:46:37.964920"
"2","2","The End","Wilds of Eldraine","NM","EN","N","alpha","b18402dc-c4ab-417c-92d1-5e4d9cfb840d","2025-08-10 05:46:37.964920"
"1","1","Tiller Engine","Dominaria United Commander","NM","EN","N","alpha","fa793e56-827c-4ba0-b330-4010a84e75f3","2025-08-10 11:37:48.215021"
"1","1","Bucknard's Everfull Purse","Adventures in the Forgotten Realms Commander Decks","NM","EN","N","alpha","57073533-dcd8-4a86-9aa8-d7205d3799e1","2025-08-10 05:46:37.964920"
"1","1","Sundial of the Infinite","Mystery Booster","NM","EN","F","alpha","d77b771d-9c7e-43b1-ac23-849ca882113b","2025-08-10 05:46:37.964920"
"1","1","Ramos, Dragon Engine","The Brothers' War - Retro Artifacts","NM","EN","N","alpha","734e496b-4d15-4ee0-8d81-4ebe4791d997","2025-08-10 05:46:37.964920"
"1","1","Throne of the Grim Captain","The Lost Caverns of Ixalan - Showcase","NM","EN","N","alpha","4f7a6892-5f6b-49aa-9b4f-3fcf20236306","2025-08-10 05:46:37.964920"
"1","1","Thran Dynamo","Iconic Masters","NM","EN","N","alpha","508a8735-642c-4f22-bbd9-4a189d93e7b7","2025-08-10 05:46:37.964920"
"1","1","Sol Talisman","Modern Horizons 2","NM","EN","N","alpha","a51fb64d-cc0c-400d-971f-78c28d42043b","2025-08-10 05:46:37.964920"
"1","1","Panharmonicon","Kaladesh","NM","EN","N","alpha","15856326-d943-476a-9d31-898b9f990bb6","2025-08-10 05:46:37.964920"
"1","1","Seer's Sundial","Modern Horizons 3 Commander","NM","EN","N","alpha","bde9a59a-ff01-4e0f-b438-1d1fe49ec660","2025-08-10 05:46:37.964920"
"1","1","Unlicensed Hearse","Breaking News","NM","EN","N","alpha","5447a777-769d-4773-ab64-31c67e310e15","2025-08-10 05:46:37.964920"
"1","1","Mishra's Bauble","The Brothers' War - Retro Artifacts (Schematic)","NM","EN","N","alpha","6cd0651b-4d8d-4777-8ada-29cca3cde9f8","2025-08-10 05:46:37.964920"
"1","1","Darksteel Colossus","Miscellaneous Promos","NM","EN","F","alpha","b0fcfd3b-2bd9-477d-897a-98aad9212b14","2025-08-10 05:46:37.964920"
"1","1","Exquisite Blood","The Lost Caverns of Ixalan - Commander","NM","EN","N","alpha","0e8ccfa7-4178-476a-a155-0ca1c98556c9","2025-08-10 11:37:48.215021"
"1","1","Sting, the Glinting Dagger","Lord of the Rings: Tales of Middle-earth","NM","EN","N","alpha","afbec7e7-f5b9-407e-bf96-2e088710e791","2025-08-10 05:46:37.964920"
"1","1","Quag Feast","Aetherdrift","NM","EN","N","alpha","dd8b6033-63e6-484e-8efb-a4eb9ca59fbf","2025-08-10 05:46:37.964920"
"1","1","Profane Tutor","Modern Horizons 2","NM","EN","N","alpha","2afc6f7d-ab59-4d64-bd11-6bd0fd4bfcd2","2025-08-10 05:46:37.964920"
"1","1","Disciple of the Vault","Mirrodin","NM","EN","N","alpha","644359dc-3c4c-4291-876d-7390dc466877","2025-08-10 05:46:37.964920"
"1","1","Scrawling Crawler","Foundations - Borderless","NM","EN","F","alpha","14d8c9b5-6863-45d1-89f0-6a4f8189758b","2025-08-10 05:46:37.964920"
"1","1","Horn of Gondor","Lord of the Rings: Tales of Middle-earth","NM","EN","F","alpha","b14eaeec-d7ce-462a-90d3-2ae5ff605fdb","2025-08-10 05:46:37.964920"
"1","1","Reckoner Bankbuster","Kamigawa: Neon Dynasty","NM","EN","N","alpha","279acd17-6c17-427b-a69d-fc02442ff4a3","2025-08-10 05:46:37.964920"
"1","1","Horn of Gondor","Lord of the Rings: Tales of Middle-earth","NM","EN","N","alpha","b14eaeec-d7ce-462a-90d3-2ae5ff605fdb","2025-08-10 05:46:37.964920"
"1","1","Temple Bell","Magic 2011","NM","EN","N","alpha","8c99cde3-8ba5-44bf-bbaa-1a12c6cac925","2025-08-10 05:46:37.964920"
"1","1","Thousand-Year Elixir","Commander 2021","NM","EN","N","alpha","95c2d832-5244-4236-81d5-2920aa2e281e","2025-08-10 05:46:37.964920"
"1","1","Ashnod's Altar - (Nicolas Labarre 2000)","World Championship","NM","EN","N","alpha","fcb40669-c196-4ed7-aba0-1ef89ec7d1c8","2025-08-10 05:46:37.964920"
"1","1","Mystic Forge","Core 2020","NM","EN","N","alpha","924a24e7-91b8-4ceb-a136-7a765d98c994","2025-08-10 05:46:37.964920"
"1","1","Chromatic Lantern","Love Your Local Game Store Promos","NM","EN","F","alpha","07a2d789-02ca-4d04-917d-b00a93126718","2025-08-10 05:46:37.964920"
"2","2","Copperline Gorge","Phyrexia: All Will Be One","NM","EN","N","alpha","78b0f36b-7d8c-4e77-adc2-a4dad93a81d5","2025-08-10 05:46:37.964920"
"1","1","Invasion of Ravnica","March of the Machine","NM","EN","N","alpha","73f8fc4f-2f36-4932-8d04-3c2651c116dc","2025-08-10 05:46:37.964920"
"1","1","Weatherlight Compleated","Dominaria United","NM","EN","F","alpha","976fd9d9-a9b5-40b6-ad38-4b3b263e1ebc","2025-08-10 05:46:37.964920"
"2","2","Llanowar Wastes","The Brothers' War","NM","EN","N","alpha","10716909-1254-4b2b-997e-23a18994a98d","2025-08-10 05:46:37.964920"
"1","1","Drannith Ruins","March of the Machine: The Aftermath - Showcase","NM","EN","N","alpha","ab8976d8-f77d-460f-82fa-d324cbd3d4b5","2025-08-10 05:46:37.964920"
"1","1","Restless Vents","The Lost Caverns of Ixalan","NM","EN","N","alpha","e628e89b-bee9-408d-bb05-1784fda6b8a1","2025-08-10 05:46:37.964920"
"1","1","Temple of Epiphany","Core 2021","NM","EN","F","alpha","1652bb3c-c365-4046-b07e-3d861fa324c6","2025-08-10 05:46:37.964920"
"1","1","Reliquary Tower","Commander 2019","NM","EN","N","alpha","140bf4c1-750d-4e14-b73b-40b17939a49d","2025-08-10 05:46:37.964920"
"1","1","Vineglimmer Snarl","Strixhaven: School of Mages","NM","EN","N","alpha","f77e5ca7-dde1-435f-9b40-87558dd88749","2025-08-10 05:46:37.964920"
"1","1","Lumbering Falls","Adventures in the Forgotten Realms Commander Decks","NM","EN","N","alpha","f7e9db98-3a2d-46d8-a07f-99d66a4d9f2f","2025-08-10 05:46:37.964920"
"1","1","Mishra's Foundry","The Brothers' War","NM","EN","N","alpha","da7699b2-e1af-4bc0-8c5b-84ba3e868d7c","2025-08-10 05:46:37.964920"
"1","1","Ziatora's Proving Ground","Streets of New Capenna","NM","EN","N","alpha","75fdce80-e338-4a50-bdc6-786511feaeef","2025-08-10 05:46:37.964920"
"2","2","Soulstone Sanctuary","Foundations","NM","EN","N","alpha","642553a7-6d0f-483d-a873-3a703786db42","2025-08-10 05:46:37.964920"
"1","1","Karplusan Forest","Dominaria United","NM","EN","N","alpha","b89b2c79-e3d3-4ef9-bfc8-f9c090975011","2025-08-10 05:46:37.964920"
"1","1","Canyon Slough","Amonkhet","NM","EN","N","alpha","8cb273d9-466d-416d-b27d-d1bc8a249076","2025-08-10 05:46:37.964920"
"2","2","Shineshadow Snarl","Strixhaven: School of Mages","NM","EN","N","alpha","84a46ebf-6938-4100-8f5f-0605ad2be4fc","2025-08-10 05:46:37.964920"
"1","1","Mirrex","Phyrexia: All Will Be One","NM","EN","N","alpha","54a702cd-ca49-4570-b47e-8b090452a3c3","2025-08-10 05:46:37.964920"
"1","1","Goro-Goro and Satoru","March of the Machine Commander","NM","EN","N","alpha","5b661b53-2e58-4dcc-9100-fc00e0fdb606","2025-08-10 05:46:37.964920"
"1","1","Demolition Field","The Brothers' War","NM","EN","N","alpha","d9c88546-13c9-4d7e-a618-cb2ccd1dbc0f","2025-08-10 05:46:37.964920"
"1","1","Seachrome Coast","Phyrexia: All Will Be One - Borderless","NM","EN","N","alpha","9c37f4e8-aa29-4c68-ab89-7a529bae73e9","2025-08-10 05:46:37.964920"
"1","1","Restless Ridgeline","The Lost Caverns of Ixalan - Promo Pack","NM","EN","N","alpha","2b1ba598-232a-42c3-a113-7546a14f622c","2025-08-10 05:46:37.964920"
"1","1","Canopy Vista","Dominaria United Commander","NM","EN","N","alpha","db4f2c8c-1c92-4a01-87a8-b774da76189f","2025-08-10 05:46:37.964920"
"1","1","Port Town","Shadows over Innistrad","NM","EN","N","alpha","b866712a-c3ef-4a43-ac0f-146c7836f0d6","2025-08-10 05:46:37.964920"
"1","1","Overgrown Tomb","Return to Ravnica","MP","EN","N","alpha","1c7d50d6-b63a-4d8c-88fa-1d78ae693a45","2025-08-10 05:46:37.964920"
"1","1","Rootbound Crag","Fallout - Extended Art","NM","EN","N","alpha","fa7e3078-eb36-4125-9511-1f542a2af740","2025-08-10 05:46:37.964920"
"1","1","Body of Research","Strixhaven: School of Mages","NM","EN","N","alpha","98b56823-0076-49cc-b5aa-4accb8e2782e","2025-08-10 05:46:37.964920"
"1","1","Xander's Lounge","Streets of New Capenna","NM","EN","N","alpha","54f449ff-4025-465e-9ec5-a5cf42c4c9d3","2025-08-10 05:46:37.964920"
"1","1","Necroblossom Snarl","Strixhaven: School of Mages","NM","EN","N","alpha","b0aed316-c28a-4c1a-a0a3-ab75ceba3ee7","2025-08-10 05:46:37.964920"
"1","1","Temple of Mystery","Commander 2021","NM","EN","N","alpha","12f00434-b616-48d2-a486-0fc17a0ccce4","2025-08-10 05:46:37.964920"
"1","1","Kellan, the Kid","Outlaws of Thunder Junction - Showcase","NM","EN","N","alpha","789659f6-af39-4357-985f-a006f192893c","2025-08-10 05:46:37.964920"
"1","1","Pia Nalaar, Consul of Revival","March of the Machine: The Aftermath","NM","EN","N","alpha","0ae89461-4bce-4b49-b875-03afc2469fe7","2025-08-10 05:46:37.964920"
"1","1","Snow-Covered Wastes","Modern Horizons 3 - Retro Frame","NM","EN","N","alpha","d8c0de06-7782-4d2b-93ba-ef42cd5f79b4","2025-08-10 05:46:37.964920"
"1","1","The Shire","Lord of the Rings: Tales of Middle-earth","NM","EN","N","alpha","d5178a1b-588b-4414-a370-ac6eed51187a","2025-08-10 05:46:37.964920"
"1","1","Overgrown Farmland","Innistrad: Midnight Hunt - Borderless","NM","EN","N","alpha","a46aa097-ad92-4f9a-be52-e4e485a8fe99","2025-08-10 05:46:37.964920"
"1","1","The World Tree","Kaldheim","NM","EN","N","alpha","a70cb6d9-3955-4064-917b-11dec26440c5","2025-08-10 05:46:37.964920"
"1","1","Mines of Moria","Lord of the Rings: Tales of Middle-earth","NM","EN","N","alpha","0be723d6-4ada-4c3f-b87b-8ab83a4bbb8f","2025-08-10 05:46:37.964920"
"1","1","Zimone, Paradox Sculptor","Foundations","NM","EN","N","alpha","20ccbfdd-ddae-440c-9bc0-38b15a56fdd1","2025-08-10 05:46:37.964920"
"1","1","Arixmethes, Slumbering Isle","Double Masters","NM","EN","N","alpha","881607c8-bfe7-4903-861f-b51a5a332c17","2025-08-10 05:46:37.964920"
"1","1","Xander's Lounge","Streets of New Capenna - Showcase","NM","EN","N","alpha","1d96f496-1fc1-4e66-878a-b0905e920cdc","2025-08-10 05:46:37.964920"
"1","1","Kaito, Dancing Shadow","Phyrexia: All Will Be One","NM","EN","N","alpha","0d97f59a-07b8-47ef-aa88-d94f8c3feae4","2025-08-10 05:46:37.964920"
"1","1","Hidetsugu Consumes All","Kamigawa: Neon Dynasty","NM","EN","N","alpha","8e910464-329a-4de1-930a-be85b1956676","2025-08-10 05:46:37.964920"
"1","1","Osgir, the Reconstructor","Commander 2021","NM","EN","F","alpha","5815fe6e-e26b-4918-a090-55d6442722c1","2025-08-10 05:46:37.964920"
"1","1","Bedevil","Ravnica Allegiance","NM","EN","N","alpha","81e2b96b-ecf2-4dd9-bc9d-3c46ee8c59e6","2025-08-10 05:46:37.964920"
"1","1","Lord of Extinction","Double Masters 2022","NM","EN","N","alpha","696cb81d-bc00-4603-b340-c0b2e55c0959","2025-08-10 05:46:37.964920"
"1","1","Esix, Fractal Bloom","Commander 2021","NM","EN","F","alpha","9c381bc2-d26e-4d7e-9a0b-a8f7d2d802be","2025-08-10 05:46:37.964920"
"1","1","Cabaretti Ascendancy","Streets of New Capenna - Promo Pack","NM","EN","N","alpha","6f90d5c9-6a2c-407d-bac8-780e8c1f2cd7","2025-08-10 05:46:37.964920"
"2","2","The Kami War","Kamigawa: Neon Dynasty","NM","EN","N","alpha","36052532-5028-43a8-9fc4-56221ec867fd","2025-08-10 05:46:37.964920"
"1","1","Galadriel of Lothlorien","Lord of the Rings: Tales of Middle-earth","NM","EN","N","alpha","a6e5c3b3-9a70-4a1c-bfb3-db27e51c4b8d","2025-08-10 05:46:37.964920"
"1","1","Rashmi, Eternities Crafter","Commander 2020","NM","EN","N","alpha","70288968-7bfd-44e2-a2b3-0b6639ef7e0a","2025-08-10 05:46:37.964920"
"1","1","Miirym, Sentinel Wyrm","Commander Legends: Battle for Baldur's Gate - Showcase","NM","EN","N","alpha","96f0daf2-36c5-4b3e-ab81-7317682a406b","2025-08-10 05:46:37.964920"
"1","1","Tyvar, Jubilant Brawler","Phyrexia: All Will Be One","NM","EN","N","alpha","66605fe1-9a20-4c95-b53e-1249cedb978b","2025-08-10 05:46:37.964920"
"1","1","Rienne, Angel of Rebirth","Dominaria United Commander","NM","EN","N","alpha","78660bdf-0edb-4fd0-a737-1c95f93cced1","2025-08-10 05:46:37.964920"
"1","1","Jetmir, Nexus of Revels","Streets of New Capenna - Showcase","NM","EN","N","alpha","f9ca12f3-4649-4c3a-b9f3-7ed9b7254f18","2025-08-10 05:46:37.964920"
"1","1","Merciless Eviction","Dominaria United Commander","NM","EN","N","alpha","1d395707-4e6d-4e2c-b977-d9b8c0c9eb80","2025-08-10 05:46:37.964920"
"1","1","Nekusar, the Mindrazer","Commander Masters","NM","EN","N","alpha","4afdc65d-3c97-47af-83fa-df340389802e","2025-08-10 05:46:37.964920"
"1","1","Galvanic Iteration","Innistrad Remastered","NM","EN","N","alpha","72531705-82f4-4254-82b2-c0b6098f4dbe","2025-08-10 05:46:37.964920"
"1","1","Ziatora, the Incinerator","Streets of New Capenna","NM","EN","N","alpha","ba4fa4c8-f09f-4d97-a7d1-1b93caf7d4f9","2025-08-10 05:46:37.964920"
"2","2","Maelstrom Archangel","Dominaria United Commander","NM","EN","N","alpha","95ea2a05-207d-4330-bcbe-bcaacd6657f4","2025-08-10 05:46:37.964920"
"1","1","O-Kagachi, Vengeful Kami","Dominaria United Commander","NM","EN","N","alpha","07a42ae6-c2ca-4028-a364-70c19ce125b3","2025-08-10 05:46:37.964920"
"1","1","Roxanne, Starfall Savant","Outlaws of Thunder Junction - Promo Pack","NM","EN","N","alpha","4e02bddc-f68c-4c97-b8dc-7cfbf49dbcec","2025-08-10 05:46:37.964920"
"1","1","Light-Paws, Emperor's Voice","Kamigawa: Neon Dynasty","NM","EN","N","alpha","39555a72-a57b-45ee-9222-ce3b9e8de126","2025-08-10 05:46:37.964920"
"1","1","Jhoira, Ageless Innovator","Dominaria United","NM","EN","N","alpha","dd911900-1f5f-4420-96b8-1e4fe67e59f6","2025-08-10 05:46:37.964920"
"1","1","Aminatou, the Fateshifter","Double Masters 2022","NM","EN","N","alpha","bc010302-e715-4946-89eb-a214e0b836ba","2025-08-10 05:46:37.964920"
"1","1","Amalia Benavides Aguirre","The Lost Caverns of Ixalan","NM","EN","N","alpha","9acf80a5-f2ca-45b4-aca8-fbc690e35401","2025-08-10 05:46:37.964920"
"1","1","Saruman of Many Colors","Lord of the Rings: Tales of Middle-earth","NM","EN","N","alpha","8cfcc7ec-87a2-4712-8d82-217bd8600891","2025-08-10 05:46:37.964920"
"1","1","Tamiyo, Compleated Sage","Kamigawa: Neon Dynasty","NM","EN","N","alpha","222a736e-d819-452d-aeda-eb848c4b2302","2025-08-10 05:46:37.964920"
"1","1","Jared Carthalion","Dominaria United Commander","NM","EN","N","alpha","5acffa48-9e3f-4ba3-a55f-d459307f46df","2025-08-10 05:46:37.964920"
"1","1","The Gitrog Monster","Shadows over Innistrad","NM","EN","N","alpha","5790dd89-2be5-4a77-9450-2d3c1422bfc9","2025-08-10 05:46:37.964920"
"1","1","Primeval Spawn","Dominaria United Commander","NM","EN","N","alpha","cfa77c4f-b20b-40cc-9dc4-276be75109a8","2025-08-10 05:46:37.964920"
"1","1","Xyris, the Writhing Storm","Dominaria United Commander","NM","EN","N","alpha","af0db1d6-5cb1-4917-8e8f-69d5dc184404","2025-08-10 05:46:37.964920"
"1","1","Pharika, God of Affliction","Journey into Nyx","NM","EN","N","alpha","75ec8548-5790-4eac-8780-cdd126438192","2025-08-10 05:46:37.964920"
"1","1","Zimone and Dina","March of the Machine","NM","EN","N","alpha","bf2af874-1052-4cad-90ed-d80e49d4c68c","2025-08-10 05:46:37.964920"
"1","1","Raiyuu, Storm's Edge","Kamigawa: Neon Dynasty","NM","EN","N","alpha","37748b74-0eda-4b20-a08f-faa418adb9ff","2025-08-10 05:46:37.964920"
"2","2","Shelob, Child of Ungoliant","Lord of the Rings: Tales of Middle-earth","NM","EN","N","alpha","a14c4b29-3363-45ce-9190-0f79e1a0ef7f","2025-08-10 05:46:37.964920"
"1","1","Kaya, Orzhov Usurper","Ravnica Remastered","NM","EN","N","alpha","307efe3d-291c-4c9f-8ce6-4bd2ba1452ad","2025-08-10 05:46:37.964920"
"1","1","Quicksilver Amulet","The Brothers' War - Retro Artifacts","NM","EN","N","alpha","8ddb3e7b-06ae-4b2e-8342-0bc7a3bfa8e6","2025-08-10 05:46:37.964920"
"1","1","Voja, Jaws of the Conclave","Murders at Karlov Manor - Prerelease Promos","NM","EN","F","alpha","bfa1bd2f-25bd-4fbd-877b-cef00ab7f92f","2025-08-10 05:46:37.964920"
"1","1","Aragorn, Company Leader","Lord of the Rings: Tales of Middle-earth - Scene","NM","EN","N","alpha","6dbb70f9-c8f6-4082-9d63-4efdd6a20527","2025-08-10 05:46:37.964920"
"1","1","Marchesa, Dealer of Death","Outlaws of Thunder Junction","NM","EN","F","alpha","ee29b59c-d57c-4a03-bae7-e9dfa57d6bb1","2025-08-10 05:46:37.964920"
"1","1","Phyrexian Processor","The Brothers' War - Retro Artifacts","NM","EN","N","alpha","6bbb83f8-09bf-4c61-b871-e48917e61073","2025-08-10 05:46:37.964920"
"1","1","Abzan Ascendancy","Double Masters 2022","NM","EN","N","alpha","80b722d9-be9d-463c-929e-78f7156af9c6","2025-08-10 05:46:37.964920"
"1","1","Merry, Esquire of Rohan","Lord of the Rings: Tales of Middle-earth - Scene","NM","EN","N","alpha","259ff889-fc9a-42f7-998d-0ab23c94ad8a","2025-08-10 05:46:37.964920"
"1","1","Assassin's Trophy","Murders at Karlov Manor - Promo Pack","NM","EN","N","alpha","d81f685a-3149-4326-b900-4973a2029415","2025-08-10 05:46:37.964920"
"1","1","Isshin, Two Heavens as One","Kamigawa: Neon Dynasty","NM","EN","N","alpha","a062a004-984e-4b62-960c-af7288f7a3e9","2025-08-10 05:46:37.964920"
"1","1","Simic Ascendancy","The Lost Caverns of Ixalan - Commander","NM","EN","N","alpha","fec1ffcd-84d3-44b3-b1d5-b33a4fee348a","2025-08-10 05:46:37.964920"
"1","1","Raffine, Scheming Seer","Streets of New Capenna","NM","EN","N","alpha","716a44b4-f6b0-4f14-a270-6442aed3251f","2025-08-10 05:46:37.964920"
"1","1","Kura, the Boundless Sky","Kamigawa: Neon Dynasty","NM","EN","N","alpha","06b25752-26be-4189-bc8b-828db6f0e612","2025-08-10 05:46:37.964920"
"1","1","Logic Knot","Future Sight","NM","EN","N","alpha","4e946be1-4ed6-4e2c-9782-3f630f8a8e1f","2025-08-10 05:46:37.964920"
"1","1","Ensoul Artifact","Magic 2015","NM","EN","N","alpha","8351efc5-a392-4ec8-877f-15d5b3dc0929","2025-08-10 05:46:37.964920"
"1","1","Copy Enchantment","Ravnica Remastered","NM","EN","N","alpha","ce82b316-8982-41bf-a990-6b776a9e83ac","2025-08-10 05:46:37.964920"
"1","1","Temporary Lockdown","Dominaria United","NM","EN","N","alpha","82b3088f-7b49-45e9-b447-129a597ceb75","2025-08-10 05:46:37.964920"
"1","1","Void Rend","Streets of New Capenna","NM","EN","N","alpha","2daab74d-d66b-4164-aa19-24e8d5536f7d","2025-08-10 05:46:37.964920"
"1","1","Proft's Eidetic Memory","Murders at Karlov Manor","NM","EN","F","alpha","af5b29b3-974c-4200-8df8-b072c11e1600","2025-08-10 05:46:37.964920"
"1","1","Utopia Sprawl","Secret Lair Drop Series","NM","EN","N","alpha","5f04c8a2-dcdd-4e87-85d3-9841561cdcdf","2025-08-10 05:46:37.964920"
"1","1","Hurkyl's Recall","Modern Masters 2015","NM","EN","N","alpha","73edeaaa-6a87-4cf1-b013-bab9a7bb94d9","2025-08-10 05:46:37.964920"
"1","1","Nadu, Winged Wisdom","Modern Horizons 3","NM","EN","N","alpha","94b67489-5eb0-4406-9bf3-27e50dc632eb","2025-08-10 05:46:37.964920"
"1","1","Archfiend of the Dross","Phyrexia: All Will Be One - Borderless Ichor","NM","EN","N","alpha","5a4aad94-5b0e-4644-b331-39dae2a7e937","2025-08-10 05:46:37.964920"
"1","1","Lavalanche","Dominaria United Commander","NM","EN","N","alpha","e3a3b450-d988-40cb-a1ee-8b00ccdf5071","2025-08-10 05:46:37.964920"
"1","1","Crystal Quarry","Dominaria United Commander","NM","EN","N","alpha","55999d8e-50f8-4c8b-a0c3-f3256af62491","2025-08-10 05:46:37.964920"
"1","1","Clone","Magic 2014","NM","EN","N","alpha","5e648262-3b9b-4c58-8e29-48356e3cb064","2025-08-10 05:46:37.964920"
"1","1","Incubation Druid","Commander 2021","NM","EN","N","alpha","bd3071c4-6269-4c6b-9324-3d2284ec616d","2025-08-10 05:46:37.964920"
"1","1","Rishkar, Peema Renegade","Aether Revolt","NM","EN","N","alpha","7cff0dc6-5455-4dea-940b-dff7fe88dc5d","2025-08-10 05:46:37.964920"
"1","1","Duneblast","Dominaria United Commander","NM","EN","N","alpha","4a38e37b-d458-402a-8b36-13a0e0a115ce","2025-08-10 05:46:37.964920"
"1","1","Territory Forge","The Big Score","NM","EN","N","alpha","71059bc8-f63a-4d9c-9d08-2e995e74cc59","2025-08-10 05:46:37.964920"
"1","1","Sultai Charm","Dominaria United Commander","NM","EN","N","alpha","72af6c1f-33a0-4e02-95b7-74ecaa6a6d87","2025-08-10 05:46:37.964920"
"1","1","Port Town","Adventures in the Forgotten Realms Commander Decks","NM","EN","N","alpha","e6a12a68-a88c-440d-a6ee-b235afbbbfb8","2025-08-10 05:46:37.964920"
"1","1","Sunken Hollow","Dominaria United Commander","NM","EN","N","alpha","57e7f2d7-f2aa-45fd-ad6f-c618edb01018","2025-08-10 05:46:37.964920"
"1","1","Unite the Coalition","Dominaria United Commander","NM","EN","N","alpha","e5ec8ad6-57ad-4bce-9c5e-a7205d5f4bea","2025-08-10 05:46:37.964920"
"1","1","Abzan Charm","Dominaria United Commander","NM","EN","N","alpha","bd5b386e-e71e-492d-8456-6cd178ef5b3d","2025-08-10 05:46:37.964920"
"1","1","Case of the Crimson Pulse","Murders at Karlov Manor","NM","EN","N","alpha","bb18b1de-bc08-4522-b891-6117a8271534","2025-08-10 05:46:37.964920"
"1","1","Cleansing Nova","Commander 2021","NM","EN","N","alpha","11f1b6cd-d89a-4468-a097-7a54efe22f2c","2025-08-10 05:46:37.964920"
"1","1","Wild Magic Surge","Commander Legends: Battle for Baldur's Gate","NM","EN","N","alpha","c4c89d88-9d40-46b6-bee0-6bc2e2ca8ba1","2025-08-10 05:46:37.964920"
"1","1","Monologue Tax","Commander 2021","NM","EN","N","alpha","e9449f23-6a14-453b-8bb6-5cf85ed7a851","2025-08-10 05:46:37.964920"
"1","1","General Ferrous Rokiric","Modern Horizons 2 Showcase","NM","EN","N","alpha","b0a0636e-cf3c-4bf2-8d01-b830bed999ef","2025-08-10 05:46:37.964920"
"1","1","Surge Engine","The Brothers' War - Prerelease Promos","NM","EN","F","alpha","65f51753-3f22-4f24-a979-96a0c9e5fadb","2025-08-10 05:46:37.964920"
"1","1","Zulaport Cutthroat","Battle for Zendikar","NM","EN","N","alpha","5c963d97-c948-45d9-84cc-58e246d35970","2025-08-10 05:46:37.964920"
"1","1","Desolation Twin","Commander 2021","NM","EN","N","alpha","935ad5f7-f86c-4fea-94fe-d111d4435ac4","2025-08-10 05:46:37.964920"
"1","1","Structural Assault","Streets of New Capenna","NM","EN","N","alpha","cbdb50e3-fe15-4431-b9bd-c4de65820734","2025-08-10 05:46:37.964920"
"1","1","Kaya, Intangible Slayer","Phyrexia: All Will Be One","NM","EN","N","alpha","6865b8c7-b260-48e8-a905-64cbf06b7e57","2025-08-10 05:46:37.964920"
"1","1","Diabolic Tutor","Conspiracy: Take the Crown","NM","EN","N","alpha","7cff6d24-4aeb-4b6c-b193-0c470fc4badf","2025-08-10 05:46:37.964920"
"1","1","Spawnwrithe","Commander 2011","NM","EN","N","alpha","1acb4d61-f308-423f-8cf6-eb057b994d01","2025-08-10 05:46:37.964920"
"1","1","Alania, Divergent Storm","Bloomburrow - Showcase","NM","EN","N","alpha","f9dc7b8e-d381-49a0-a7f8-c8cd9acadc54","2025-08-10 05:46:37.964920"
"1","1","Glamdring","Lord of the Rings: Tales of Middle-earth","NM","EN","N","alpha","8296ebf7-45ed-4b38-acf2-b48d9fb3e706","2025-08-10 05:46:37.964920"
"1","1","Shaun, Father of Synths","Fallout - Extended Art","NM","EN","N","alpha","b9a23ad1-e1ce-4aaa-b670-118b351dd970","2025-08-10 05:46:37.964920"
"1","1","Combustible Gearhulk","Commander 2021","NM","EN","N","alpha","57166f39-44b2-47ec-a4cb-39d3f7ffd5e0","2025-08-10 05:46:37.964920"
"1","1","Mimic Vat","Commander 2019","NM","EN","N","alpha","9050cd01-44c9-4e87-a165-a8b88c8e5d45","2025-08-10 05:46:37.964920"
"1","1","Holy Avenger","Adventures in the Forgotten Realms Commander Decks","NM","EN","N","alpha","4d64d158-3477-4530-9596-2d4e4eceb11a","2025-08-10 05:46:37.964920"
"1","1","Hoard-Smelter Dragon","Commander 2021","NM","EN","N","alpha","d5eb5f59-1d0c-402a-8b06-108bf1dc8b4e","2025-08-10 05:46:37.964920"
"1","1","Tainted Indulgence","Streets of New Capenna","NM","EN","N","alpha","347d883c-84ab-4547-813b-f4385366fbce","2025-08-10 05:46:37.964920"
"1","1","Orb of Dragonkind","Adventures in the Forgotten Realms","NM","EN","N","alpha","9a1c2cdd-353c-4747-bf0e-b995dd37ffca","2025-08-10 05:46:37.964920"
"1","1","Legion's Initiative","Double Masters 2022 - Etched Foil","NM","EN","F","alpha","257cd42e-c808-41b5-9878-e0c4386eb0c1","2025-08-10 05:46:37.964920"
"1","1","Xenagos, the Reveler","Theros","NM","EN","F","alpha","3aecfe99-9c4b-4087-84ee-fb208fd22820","2025-08-10 05:46:37.964920"
"1","1","Hugs, Grisly Guardian","Bloomburrow","NM","EN","N","alpha","f09d7f4a-c947-4389-befa-1d547d0d1237","2025-08-10 05:46:37.964920"
"1","1","Nezahal, Primal Tide","Rivals of Ixalan","NM","EN","N","alpha","48eba418-94ab-46a3-958c-4d5058fc2bcd","2025-08-10 05:46:37.964920"
"1","1","Breya, Etherium Shaper","Double Masters","NM","EN","N","alpha","2143f700-7311-46a4-ad9b-4e743a345785","2025-08-10 05:46:37.964920"
"1","1","Koma, Cosmos Serpent","Kaldheim","NM","EN","N","alpha","2de25ea4-284a-4c16-b823-048ff00c6a03","2025-08-10 05:46:37.964920"
"1","1","Kaito, Cunning Infiltrator","Foundations","NM","EN","N","alpha","5dabdea9-2015-49b9-853d-4f7e1262eab3","2025-08-10 05:46:37.964920"
"1","1","Greasefang, Okiba Boss","Kamigawa: Neon Dynasty - Showcase","NM","EN","N","alpha","9455cb27-89d3-4bb1-8af8-08c7712c2915","2025-08-10 05:46:37.964920"
"1","1","Atsushi, the Blazing Sky","Kamigawa: Neon Dynasty","NM","EN","N","alpha","73b64c17-8a52-4d9d-a28b-7e0e945be059","2025-08-10 05:46:37.964920"
"1","1","Jhoira, Ageless Innovator","Dominaria United - Promo Pack","NM","EN","N","alpha","9f371de0-b215-4780-a180-551d2c33a1b1","2025-08-10 05:46:37.964920"
"1","1","Forensic Gadgeteer","Murders at Karlov Manor","NM","EN","N","alpha","97d08a15-e61c-4421-a541-c68a4f87cb74","2025-08-10 05:46:37.964920"
"1","1","Soul of Windgrace","Dominaria United - Prerelease Promos","NM","EN","F","alpha","cb0186a8-afb1-4866-b998-854968861f58","2025-08-10 05:46:37.964920"
"1","1","Admiral Beckett Brass","Ixalan","NM","EN","N","alpha","9854c2ec-0e53-4ac7-b417-554a9331c5e0","2025-08-10 05:46:37.964920"
"1","1","Jegantha, the Wellspring","Ikoria: Lair of Behemoths","NM","EN","N","alpha","1d52e527-3835-4350-8c01-0f2d5d623b9c","2025-08-10 05:46:37.964920"
"1","1","Greasefang, Okiba Boss","Kamigawa: Neon Dynasty","NM","EN","N","alpha","56a0d43b-4d38-40a7-be6c-8324ab3bf773","2025-08-10 05:46:37.964920"
"1","1","Brass's Bounty","Rivals of Ixalan","NM","EN","N","alpha","13505866-6ce9-4d11-b3f3-fc2f09839b71","2025-08-10 05:46:37.964920"
"1","1","Alibou, Ancient Witness","Commander 2021","NM","EN","F","alpha","fd2fc2d4-c4fb-4dcb-93fa-aaf8c1182f15","2025-08-10 05:46:37.964920"
"1","1","Snapcaster Mage","Innistrad Remastered - Retro Frame","NM","EN","N","alpha","22b36ad5-bf4d-436a-9c3c-fa4acd0052fe","2025-08-10 05:46:37.964920"
"1","1","Niv-Mizzet, Visionary","Foundations","NM","EN","N","alpha","7a69a618-d588-4745-8ede-0ff0a9f356f1","2025-08-10 05:46:37.964920"
"1","1","Sanguine Evangelist","The Lost Caverns of Ixalan","NM","EN","N","alpha","269ddd84-fdc4-4c94-b183-32ecec56967c","2025-08-10 05:46:37.964920"
"1","1","Cathars' Crusade","Innistrad Remastered","NM","EN","N","alpha","5296e353-2efc-4d72-a877-7957eff630b9","2025-08-10 05:46:37.964920"
"1","1","Two-Headed Hellkite","Dominaria United Commander","NM","EN","N","alpha","8d5cf3a1-2228-4143-b07d-de082380b5e7","2025-08-10 05:46:37.964920"
"1","1","Galea, Kindler of Hope","Adventures in the Forgotten Realms Commander Decks","NM","EN","F","alpha","1efbea01-c6a1-4380-a14f-6206c7895e48","2025-08-10 05:46:37.964920"
"1","1","Xorn","Adventures in the Forgotten Realms - Showcase","NM","EN","N","alpha","713a6502-5239-449a-b04a-c82d525f9916","2025-08-10 05:46:37.964920"
"1","1","The Prydwen, Steel Flagship","Fallout","NM","EN","F","alpha","9c0a8eda-bfeb-4fd9-9e41-12fce02883d8","2025-08-10 05:46:37.964920"
"1","1","Hit the Mother Lode","The Lost Caverns of Ixalan","NM","EN","N","alpha","e75f460c-43e2-4353-8b73-71ff8651a79d","2025-08-10 05:46:37.964920"
"1","1","Etali, Primal Storm","Adventures in the Forgotten Realms Commander Decks","NM","EN","N","alpha","5ed1070d-fc21-4f4c-8e6e-5e4a2e6e2dce","2025-08-10 05:46:37.964920"
"1","1","Wojek Investigator","Murders at Karlov Manor - Showcase Dossier","NM","EN","F","alpha","481b5d9a-872d-4a2f-a52a-d4a746ee04ab","2025-08-10 05:46:37.964920"
"1","1","Jodah, Archmage Eternal","Double Masters 2022","NM","EN","N","alpha","73c18cb4-96b1-4af2-912e-974e22877ede","2025-08-10 05:46:37.964920"
